[{

	"id": 1,
	"portada": "assets/img/articulos/portada01.jpg",
	"url":"lorem-ipsum-1",
	"titulo": "Lorem Ipsum 1",
	"intro": "Lorem ipsum dolor sit amet, consectetur adipisicing elit. Vitae accusamus voluptatum omnis non facere itaque aliquam temporibus, nisi pariatur facilis similique possimus eaque iure doloribus natus animi eos, suscipit eum!",
	"contenido": "<h2>Lorem Ipsum 1</h2><img src=\"assets/img/slide/slide01.jpg\" class=\"py-3 img-fluid\"><div>Lorem ipsum dolor sit amet, consectetur adipisicing elit. Totam maxime id expedita commodi? Eius, accusantium neque placeat facere minus deserunt praesentium dolorem nulla nihil consectetur aliquid, quos quo quas reiciendis. Non dolorem, tempora rem obcaecati corporis. Nesciunt aliquid excepturi, sint odio. Vitae ipsum aliquid aperiam itaque repellat, maiores voluptatibus debitis dignissimos voluptas voluptates dolore, veritatis exercitationem dolorum eos, quae sunt.</div><br><div>Voluptatum nobis delectus laborum corporis. Laborum asperiores voluptatum enim commodi nobis. Doloremque eligendi nisi amet maiores nihil iure dignissimos, labore iusto. Ut quas molestiae nihil reiciendis qui obcaecati totam facilis.</div><br><div>Quo eum deleniti iure animi quod numquam autem, vitae fugiat, molestias cum repellat omnis, ea explicabo aspernatur. Earum asperiores quod, corrupti ipsa ullam aut eligendi dolor vero necessitatibus, architecto nostrum.</div><br><div>Culpa similique necessitatibus velit perspiciatis quibusdam modi minima ab eligendi, nulla recusandae, maxime quis adipisci officia totam rem rerum ea voluptatem placeat ad amet cum corrupti! Sed, fugiat et nulla.</div>"
}, {

	"id": 2,
	"portada": "assets/img/articulos/portada02.jpg",
	"url":"lorem-ipsum-2",
	"titulo": "Lorem Ipsum 2",
	"intro": "Lorem ipsum dolor sit amet, consectetur adipisicing elit. Vitae accusamus voluptatum omnis non facere itaque aliquam temporibus, nisi pariatur facilis similique possimus eaque iure doloribus natus animi eos, suscipit eum!",
	"contenido": "<h2>Lorem Ipsum 2</h2><img src=\"assets/img/slide/slide02.jpg\" class=\"py-3 img-fluid\"><div>Lorem ipsum dolor sit amet, consectetur adipisicing elit. Totam maxime id expedita commodi? Eius, accusantium neque placeat facere minus deserunt praesentium dolorem nulla nihil consectetur aliquid, quos quo quas reiciendis. Non dolorem, tempora rem obcaecati corporis. Nesciunt aliquid excepturi, sint odio. Vitae ipsum aliquid aperiam itaque repellat, maiores voluptatibus debitis dignissimos voluptas voluptates dolore, veritatis exercitationem dolorum eos, quae sunt.</div><br><div>Voluptatum nobis delectus laborum corporis. Laborum asperiores voluptatum enim commodi nobis. Doloremque eligendi nisi amet maiores nihil iure dignissimos, labore iusto. Ut quas molestiae nihil reiciendis qui obcaecati totam facilis.</div><br><div>Quo eum deleniti iure animi quod numquam autem, vitae fugiat, molestias cum repellat omnis, ea explicabo aspernatur. Earum asperiores quod, corrupti ipsa ullam aut eligendi dolor vero necessitatibus, architecto nostrum.</div><br><div>Culpa similique necessitatibus velit perspiciatis quibusdam modi minima ab eligendi, nulla recusandae, maxime quis adipisci officia totam rem rerum ea voluptatem placeat ad amet cum corrupti! Sed, fugiat et nulla.</div>"
}, {

	"id": 3,
	"portada": "assets/img/articulos/portada03.jpg",
	"url":"lorem-ipsum-3",
	"titulo": "Lorem Ipsum 3",
	"intro": "Lorem ipsum dolor sit amet, consectetur adipisicing elit. Vitae accusamus voluptatum omnis non facere itaque aliquam temporibus, nisi pariatur facilis similique possimus eaque iure doloribus natus animi eos, suscipit eum!",
	"contenido": "<h2>Lorem Ipsum 3</h2><img src=\"assets/img/slide/slide03.jpg\" class=\"py-3 img-fluid\"><div>Lorem ipsum dolor sit amet, consectetur adipisicing elit. Totam maxime id expedita commodi? Eius, accusantium neque placeat facere minus deserunt praesentium dolorem nulla nihil consectetur aliquid, quos quo quas reiciendis. Non dolorem, tempora rem obcaecati corporis. Nesciunt aliquid excepturi, sint odio. Vitae ipsum aliquid aperiam itaque repellat, maiores voluptatibus debitis dignissimos voluptas voluptates dolore, veritatis exercitationem dolorum eos, quae sunt.</div><br><div>Voluptatum nobis delectus laborum corporis. Laborum asperiores voluptatum enim commodi nobis. Doloremque eligendi nisi amet maiores nihil iure dignissimos, labore iusto. Ut quas molestiae nihil reiciendis qui obcaecati totam facilis.</div><br><div>Quo eum deleniti iure animi quod numquam autem, vitae fugiat, molestias cum repellat omnis, ea explicabo aspernatur. Earum asperiores quod, corrupti ipsa ullam aut eligendi dolor vero necessitatibus, architecto nostrum.</div><br><div>Culpa similique necessitatibus velit perspiciatis quibusdam modi minima ab eligendi, nulla recusandae, maxime quis adipisci officia totam rem rerum ea voluptatem placeat ad amet cum corrupti! Sed, fugiat et nulla.</div>"
}, {

	"id": 4,
	"portada": "assets/img/articulos/portada04.jpg",
	"url":"lorem-ipsum-4",
	"titulo": "Lorem Ipsum 4",
	"intro": "Lorem ipsum dolor sit amet, consectetur adipisicing elit. Vitae accusamus voluptatum omnis non facere itaque aliquam temporibus, nisi pariatur facilis similique possimus eaque iure doloribus natus animi eos, suscipit eum!",
	"contenido": "<h2>Lorem Ipsum 4</h2><img src=\"assets/img/slide/slide04.jpg\" class=\"py-3 img-fluid\"><div>Lorem ipsum dolor sit amet, consectetur adipisicing elit. Totam maxime id expedita commodi? Eius, accusantium neque placeat facere minus deserunt praesentium dolorem nulla nihil consectetur aliquid, quos quo quas reiciendis. Non dolorem, tempora rem obcaecati corporis. Nesciunt aliquid excepturi, sint odio. Vitae ipsum aliquid aperiam itaque repellat, maiores voluptatibus debitis dignissimos voluptas voluptates dolore, veritatis exercitationem dolorum eos, quae sunt.</div><br><div>Voluptatum nobis delectus laborum corporis. Laborum asperiores voluptatum enim commodi nobis. Doloremque eligendi nisi amet maiores nihil iure dignissimos, labore iusto. Ut quas molestiae nihil reiciendis qui obcaecati totam facilis.</div><br><div>Quo eum deleniti iure animi quod numquam autem, vitae fugiat, molestias cum repellat omnis, ea explicabo aspernatur. Earum asperiores quod, corrupti ipsa ullam aut eligendi dolor vero necessitatibus, architecto nostrum.</div><br><div>Culpa similique necessitatibus velit perspiciatis quibusdam modi minima ab eligendi, nulla recusandae, maxime quis adipisci officia totam rem rerum ea voluptatem placeat ad amet cum corrupti! Sed, fugiat et nulla.</div>"
}]