[{
	"foto": "assets/img/galeria/01.jpg"
}, {
	"foto": "assets/img/galeria/02.jpg"
}, {
	"foto": "assets/img/galeria/03.jpg"
}, {
	"foto": "assets/img/galeria/04.jpg"
}, {
	"foto": "assets/img/galeria/05.jpg"
}, {
	"foto": "assets/img/galeria/06.jpg"
}, {
	"foto": "assets/img/galeria/01.jpg"
}, {
	"foto": "assets/img/galeria/02.jpg"
}, {
	"foto": "assets/img/galeria/03.jpg"
}, {
	"foto": "assets/img/galeria/04.jpg"
}, {
	"foto": "assets/img/galeria/05.jpg"
}, {
	"foto": "assets/img/galeria/06.jpg"
}]