[{
	"imagen": "assets/img/slide/slide01.jpg",
	"titulo": "Lorem ipsum 1.",
	"descripcion": "Lorem ipsum dolor sit amet, consectetur adipisicing elit."
}, {
	"imagen": "assets/img/slide/slide02.jpg",
	"titulo": "Lorem ipsum 2.",
	"descripcion": "Lorem ipsum dolor sit amet, consectetur adipisicing elit."
}, {
	"imagen": "assets/img/slide/slide03.jpg",
	"titulo": "Lorem ipsum 3.",
	"descripcion": "Lorem ipsum dolor sit amet, consectetur adipisicing elit."
}, {
	"imagen": "assets/img/slide/slide04.jpg",
	"titulo": "Lorem ipsum 4.",
	"descripcion": "Lorem ipsum dolor sit amet, consectetur adipisicing elit."
}]